<?xml version="1.0" encoding="UTF-8"?>
<metadata xml:lang="en"><Esri><CreaDate>20170814</CreaDate><CreaTime>16003200</CreaTime><ArcGISFormat>1.0</ArcGISFormat><ArcGISstyle>ISO 19139 Metadata Implementation Specification GML3.2</ArcGISstyle><SyncOnce>FALSE</SyncOnce><DataProperties><itemProps><itemName Sync="TRUE">Kafue_National</itemName><imsContentType Sync="TRUE">002</imsContentType><nativeExtBox><westBL Sync="TRUE">22.292393</westBL><eastBL Sync="TRUE">33.708158</eastBL><southBL Sync="TRUE">-17.970201</southBL><northBL Sync="TRUE">-8.443465</northBL><exTypeCode Sync="TRUE">1</exTypeCode></nativeExtBox><itemSize Sync="TRUE">0.000</itemSize><itemLocation><linkage Sync="TRUE">file://\\PHD_CRUSHER\C$\Users\halin\Documents\LandWaterGIS\FinalProjectElephants\data\Kafue_National.shp</linkage><protocol Sync="TRUE">Local Area Network</protocol></itemLocation></itemProps><coordRef><type Sync="TRUE">Projected</type><geogcsn Sync="TRUE">GCS_WGS_1984</geogcsn><csUnits Sync="TRUE">Linear Unit: Meter (1.000000)</csUnits><peXml Sync="TRUE">&lt;ProjectedCoordinateSystem xsi:type='typens:ProjectedCoordinateSystem' xmlns:xsi='http://www.w3.org/2001/XMLSchema-instance' xmlns:xs='http://www.w3.org/2001/XMLSchema' xmlns:typens='http://www.esri.com/schemas/ArcGIS/3.1.0'&gt;&lt;WKT&gt;PROJCS[&amp;quot;WGS_1984_UTM_Zone_35S&amp;quot;,GEOGCS[&amp;quot;GCS_WGS_1984&amp;quot;,DATUM[&amp;quot;D_WGS_1984&amp;quot;,SPHEROID[&amp;quot;WGS_1984&amp;quot;,6378137.0,298.257223563]],PRIMEM[&amp;quot;Greenwich&amp;quot;,0.0],UNIT[&amp;quot;Degree&amp;quot;,0.0174532925199433]],PROJECTION[&amp;quot;Transverse_Mercator&amp;quot;],PARAMETER[&amp;quot;False_Easting&amp;quot;,500000.0],PARAMETER[&amp;quot;False_Northing&amp;quot;,10000000.0],PARAMETER[&amp;quot;Central_Meridian&amp;quot;,27.0],PARAMETER[&amp;quot;Scale_Factor&amp;quot;,0.9996],PARAMETER[&amp;quot;Latitude_Of_Origin&amp;quot;,0.0],UNIT[&amp;quot;Meter&amp;quot;,1.0],AUTHORITY[&amp;quot;EPSG&amp;quot;,32735]]&lt;/WKT&gt;&lt;XOrigin&gt;-5120900&lt;/XOrigin&gt;&lt;YOrigin&gt;1900&lt;/YOrigin&gt;&lt;XYScale&gt;450445547.3910538&lt;/XYScale&gt;&lt;ZOrigin&gt;-100000&lt;/ZOrigin&gt;&lt;ZScale&gt;10000&lt;/ZScale&gt;&lt;MOrigin&gt;-100000&lt;/MOrigin&gt;&lt;MScale&gt;10000&lt;/MScale&gt;&lt;XYTolerance&gt;0.001&lt;/XYTolerance&gt;&lt;ZTolerance&gt;0.001&lt;/ZTolerance&gt;&lt;MTolerance&gt;0.001&lt;/MTolerance&gt;&lt;HighPrecision&gt;true&lt;/HighPrecision&gt;&lt;WKID&gt;32735&lt;/WKID&gt;&lt;LatestWKID&gt;32735&lt;/LatestWKID&gt;&lt;/ProjectedCoordinateSystem&gt;</peXml><projcsn Sync="TRUE">WGS_1984_UTM_Zone_35S</projcsn></coordRef><copyHistory><copy source="D:\1GIS\Data\Zambia_data\Modis_fireData\KafueNP_GMAs" dest="\\KEN01-IMUTHUKA\D$\1GIS\Data\Zambia_data\GISTrainingMaterials\Data\KafueNP_GMAs" date="20170814" time="16003200"></copy></copyHistory><lineage><Process ToolSource="c:\program files (x86)\arcgis\desktop10.5\ArcToolbox\Toolboxes\Data Management Tools.tbx\Merge" Date="20170406" Time="101841">Merge NationalParks__proj;GMAs_proj C:\1GIS\Data\Zambia_data\Modis_fireData\KafueNP_GMAs_final.shp "ID "ID" true true false 8 Long 0 8 ,First,#,NationalParks__proj,ID,-1,-1,GMAs_proj,ID,-1,-1;NAME "NAME" true true false 25 Text 0 0 ,First,#,NationalParks__proj,NAME,-1,-1,GMAs_proj,NAME,-1,-1;PROVINCE "PROVINCE" true true false 30 Text 0 0 ,First,#,NationalParks__proj,PROVINCE,-1,-1,GMAs_proj,PROVINCE,-1,-1;STATUS "STATUS" true true false 4 Short 0 4 ,First,#,NationalParks__proj,STATUS,-1,-1;SIZE_SQKM "SIZE_SQKM" true true false 9 Long 0 9 ,First,#,NationalParks__proj,SIZE_SQKM,-1,-1;CELL_PHONE "CELL_PHONE" true true false 10 Text 0 0 ,First,#,NationalParks__proj,CELL_PHONE,-1,-1,GMAs_proj,CELL_PHONE,-1,-1;RADIO "RADIO" true true false 8 Text 0 0 ,First,#,NationalParks__proj,RADIO,-1,-1,GMAs_proj,RADIO,-1,-1;LAND_PHONE "LAND_PHONE" true true false 10 Text 0 0 ,First,#,NationalParks__proj,LAND_PHONE,-1,-1,GMAs_proj,LAND_PHONE,-1,-1;PERIMETER "PERIMETER" true true false 19 Double 11 18 ,First,#,NationalParks__proj,PERIMETER,-1,-1;AREA "AREA" true true false 19 Double 11 18 ,First,#,NationalParks__proj,AREA,-1,-1;ACRES "ACRES" true true false 19 Double 11 18 ,First,#,NationalParks__proj,ACRES,-1,-1;HECTARES "HECTARES" true true false 19 Double 11 18 ,First,#,NationalParks__proj,HECTARES,-1,-1;Encroachme "Encroachme" true true false 12 Text 0 0 ,First,#,NationalParks__proj,Encroachme,-1,-1;Titled_Lan "Titled_Lan" true true false 12 Text 0 0 ,First,#,NationalParks__proj,Titled_Lan,-1,-1,GMAs_proj,Titled_Lan,-1,-1;Mining "Mining" true true false 12 Text 0 0 ,First,#,NationalParks__proj,Mining,-1,-1,GMAs_proj,Mining,-1,-1;TFCA "TFCA" true true false 20 Text 0 0 ,First,#,NationalParks__proj,TFCA,-1,-1,GMAs_proj,TFCA,-1,-1;Aardvark "Aardvark" true true false 9 Text 0 0 ,First,#,NationalParks__proj,Aardvark,-1,-1,GMAs_proj,Aardvark,-1,-1;Baboon_c "Baboon_c" true true false 9 Text 0 0 ,First,#,NationalParks__proj,Baboon_c,-1,-1,GMAs_proj,Baboon_C,-1,-1;Baboon_y "Baboon_y" true true false 9 Text 0 0 ,First,#,NationalParks__proj,Baboon_y,-1,-1,GMAs_proj,Baboon_Y,-1,-1;Buffalo "Buffalo" true true false 9 Text 0 0 ,First,#,NationalParks__proj,Buffalo,-1,-1,GMAs_proj,Buffalo,-1,-1;Bushbuck "Bushbuck" true true false 9 Text 0 0 ,First,#,NationalParks__proj,Bushbuck,-1,-1,GMAs_proj,Bushbuck,-1,-1;Bushpig "Bushpig" true true false 9 Text 0 0 ,First,#,NationalParks__proj,Bushpig,-1,-1,GMAs_proj,Bushpig,-1,-1;Civet "Civet" true true false 8 Text 0 0 ,First,#,NationalParks__proj,Civet,-1,-1,GMAs_proj,Civet,-1,-1;Cheetah "Cheetah" true true false 9 Text 0 0 ,First,#,NationalParks__proj,Cheetah,-1,-1,GMAs_proj,Cheetah,-1,-1;Caracal "Caracal" true true false 9 Text 0 0 ,First,#,NationalParks__proj,Caracal,-1,-1,GMAs_proj,Caracal,-1,-1;Duiker_b "Duiker_b" true true false 9 Text 0 0 ,First,#,NationalParks__proj,Duiker_b,-1,-1,GMAs_proj,Duiker_B,-1,-1;Duiker_c "Duiker_c" true true false 9 Text 0 0 ,First,#,NationalParks__proj,Duiker_c,-1,-1;Eland "Eland" true true false 9 Text 0 0 ,First,#,NationalParks__proj,Eland,-1,-1,GMAs_proj,Eland,-1,-1;Elephant "Elephant" true true false 9 Text 0 0 ,First,#,NationalParks__proj,Elephant,-1,-1,GMAs_proj,Elephant,-1,-1;Giraffe_r "Giraffe_r" true true false 8 Text 0 0 ,First,#,NationalParks__proj,Giraffe_r,-1,-1,GMAs_proj,Giraffe_R,-1,-1;Giraffe_t "Giraffe_t" true true false 9 Text 0 0 ,First,#,NationalParks__proj,Giraffe_t,-1,-1,GMAs_proj,Giraffe_T,-1,-1;Grysbok "Grysbok" true true false 8 Text 0 0 ,First,#,NationalParks__proj,Grysbok,-1,-1,GMAs_proj,Grysbok,-1,-1;Hartebeest "Hartebeest" true true false 9 Text 0 0 ,First,#,NationalParks__proj,Hartebeest,-1,-1,GMAs_proj,Hartebeest,-1,-1;hippo "hippo" true true false 8 Text 0 0 ,First,#,NationalParks__proj,hippo,-1,-1,GMAs_proj,Hippo,-1,-1;Hyaena "Hyaena" true true false 8 Text 0 0 ,First,#,NationalParks__proj,Hyaena,-1,-1;Impala "Impala" true true false 8 Text 0 0 ,First,#,NationalParks__proj,Impala,-1,-1,GMAs_proj,Impala,-1,-1;Jackal_s "Jackal_s" true true false 9 Text 0 0 ,First,#,NationalParks__proj,Jackal_s,-1,-1,GMAs_proj,Jackal_S,-1,-1;Klipspring "Klipspring" true true false 9 Text 0 0 ,First,#,NationalParks__proj,Klipspring,-1,-1,GMAs_proj,Klipspring,-1,-1;Kudu "Kudu" true true false 9 Text 0 0 ,First,#,NationalParks__proj,Kudu,-1,-1,GMAs_proj,Kudu,-1,-1;Lechwe_b "Lechwe_b" true true false 9 Text 0 0 ,First,#,NationalParks__proj,Lechwe_b,-1,-1,GMAs_proj,Lechwe_B,-1,-1;Lechwe_K "Lechwe_K" true true false 9 Text 0 0 ,First,#,NationalParks__proj,Lechwe_K,-1,-1,GMAs_proj,Lechwe_K,-1,-1;Leopard "Leopard" true true false 9 Text 0 0 ,First,#,NationalParks__proj,Leopard,-1,-1,GMAs_proj,Leopard,-1,-1;Lion "Lion" true true false 9 Text 0 0 ,First,#,NationalParks__proj,Lion,-1,-1,GMAs_proj,Lion,-1,-1;Monkey_b "Monkey_b" true true false 9 Text 0 0 ,First,#,NationalParks__proj,Monkey_b,-1,-1,GMAs_proj,Monkey_B,-1,-1;Monkey_V "Monkey_V" true true false 9 Text 0 0 ,First,#,NationalParks__proj,Monkey_V,-1,-1,GMAs_proj,Monkey_V,-1,-1;Oribi "Oribi" true true false 9 Text 0 0 ,First,#,NationalParks__proj,Oribi,-1,-1,GMAs_proj,Oribi,-1,-1;Puku "Puku" true true false 9 Text 0 0 ,First,#,NationalParks__proj,Puku,-1,-1,GMAs_proj,Puku,-1,-1;Reedbuck "Reedbuck" true true false 9 Text 0 0 ,First,#,NationalParks__proj,Reedbuck,-1,-1,GMAs_proj,Reedbuck,-1,-1;Roan_A "Roan_A" true true false 9 Text 0 0 ,First,#,NationalParks__proj,Roan_A,-1,-1,GMAs_proj,Roan_A,-1,-1;Sable_A "Sable_A" true true false 9 Text 0 0 ,First,#,NationalParks__proj,Sable_A,-1,-1,GMAs_proj,Sable_A,-1,-1;Sitatunga "Sitatunga" true true false 9 Text 0 0 ,First,#,NationalParks__proj,Sitatunga,-1,-1,GMAs_proj,Sitatunga,-1,-1;Sternbok "Sternbok" true true false 9 Text 0 0 ,First,#,NationalParks__proj,Sternbok,-1,-1,GMAs_proj,Sternbok,-1,-1;Tsetsebe "Tsetsebe" true true false 9 Text 0 0 ,First,#,NationalParks__proj,Tsetsebe,-1,-1;Warthog "Warthog" true true false 9 Text 0 0 ,First,#,NationalParks__proj,Warthog,-1,-1,GMAs_proj,Warthog,-1,-1;Waterbuck_ "Waterbuck_" true true false 9 Text 0 0 ,First,#,NationalParks__proj,Waterbuck_,-1,-1,GMAs_proj,Waterbuck_,-1,-1;Waterbc_D "Waterbc_D" true true false 9 Text 0 0 ,First,#,NationalParks__proj,Waterbc_D,-1,-1;Wildebst_B "Wildebst_B" true true false 9 Text 0 0 ,First,#,NationalParks__proj,Wildebst_B,-1,-1;Wildebst_C "Wildebst_C" true true false 9 Text 0 0 ,First,#,NationalParks__proj,Wildebst_C,-1,-1;Wildcat "Wildcat" true true false 9 Text 0 0 ,First,#,NationalParks__proj,Wildcat,-1,-1;Zebra "Zebra" true true false 9 Text 0 0 ,First,#,NationalParks__proj,Zebra,-1,-1,GMAs_proj,Zebra,-1,-1;Area_km2 "Area_km2" true true false 19 Double 0 0 ,First,#,NationalParks__proj,Area_km2,-1,-1,GMAs_proj,Area_km2,-1,-1;SYSTEM "SYSTEM" true true false 20 Text 0 0 ,First,#,GMAs_proj,SYSTEM,-1,-1;CLUSTER "CLUSTER" true true false 20 Text 0 0 ,First,#,GMAs_proj,CLUSTER,-1,-1;NUMBER "NUMBER" true true false 8 Long 0 8 ,First,#,GMAs_proj,NUMBER,-1,-1;Settled "Settled" true true false 12 Text 0 0 ,First,#,GMAs_proj,Settled,-1,-1;Diuker_C "Diuker_C" true true false 9 Text 0 0 ,First,#,GMAs_proj,Diuker_C,-1,-1;Hyeana_S "Hyeana_S" true true false 9 Text 0 0 ,First,#,GMAs_proj,Hyeana_S,-1,-1;Tsetesbe "Tsetesbe" true true false 9 Text 0 0 ,First,#,GMAs_proj,Tsetesbe,-1,-1;waterbuc_D "waterbuc_D" true true false 10 Text 0 0 ,First,#,GMAs_proj,waterbuc_D,-1,-1;Wildebee_D "Wildebee_D" true true false 9 Text 0 0 ,First,#,GMAs_proj,Wildebee_D,-1,-1;Wildebee_C "Wildebee_C" true true false 9 Text 0 0 ,First,#,GMAs_proj,Wildebee_C,-1,-1;GMA_Status "GMA_Status" true true false 30 Text 0 0 ,First,#,GMAs_proj,GMA_Status,-1,-1"</Process><Process ToolSource="c:\program files (x86)\arcgis\desktop10.5\ArcToolbox\Toolboxes\Data Management Tools.tbx\Project" Date="20170406" Time="103554">Project KafueNP_GMAs_final2 C:\1GIS\Data\Zambia_data\Modis_fireData\KafueNP_GMAs_final2_proj.shp PROJCS['WGS_1984_UTM_Zone_36S',GEOGCS['GCS_WGS_1984',DATUM['D_WGS_1984',SPHEROID['WGS_1984',6378137.0,298.257223563]],PRIMEM['Greenwich',0.0],UNIT['Degree',0.0174532925199433]],PROJECTION['Transverse_Mercator'],PARAMETER['False_Easting',500000.0],PARAMETER['False_Northing',10000000.0],PARAMETER['Central_Meridian',33.0],PARAMETER['Scale_Factor',0.9996],PARAMETER['Latitude_Of_Origin',0.0],UNIT['Meter',1.0]] # GEOGCS['GCS_WGS_1984',DATUM['D_WGS_1984',SPHEROID['WGS_1984',6378137.0,298.257223563]],PRIMEM['Greenwich',0.0],UNIT['Degree',0.0174532925199433]] NO_PRESERVE_SHAPE # NO_VERTICAL</Process><Process ToolSource="c:\program files (x86)\arcgis\desktop10.5\ArcToolbox\Toolboxes\Data Management Tools.tbx\CalculateField" Date="20170406" Time="105136">CalculateField KafueNP_GMAs Type "Game Management Area" VB #</Process><Process ToolSource="c:\program files (x86)\arcgis\desktop10.5\ArcToolbox\Toolboxes\Data Management Tools.tbx\CalculateField" Date="20170406" Time="105417">CalculateField KafueNP_GMAs Full_Name "" [NAME]" + "Game Management Area"" VB #</Process><Process ToolSource="c:\program files (x86)\arcgis\desktop10.5\ArcToolbox\Toolboxes\Data Management Tools.tbx\CalculateField" Date="20170406" Time="110047">CalculateField KafueNP_GMAs Long_Name "[NAME] &amp; [Number]" VB #</Process><Process ToolSource="c:\program files (x86)\arcgis\desktop10.5\ArcToolbox\Toolboxes\Data Management Tools.tbx\Project" Date="20170406" Time="145436">Project KafueNP_GMAs C:\1GIS\Data\Zambia_data\Modis_fireData\KafueNP_GMAs_35s.shp PROJCS['WGS_1984_UTM_Zone_35S',GEOGCS['GCS_WGS_1984',DATUM['D_WGS_1984',SPHEROID['WGS_1984',6378137.0,298.257223563]],PRIMEM['Greenwich',0.0],UNIT['Degree',0.0174532925199433]],PROJECTION['Transverse_Mercator'],PARAMETER['False_Easting',500000.0],PARAMETER['False_Northing',10000000.0],PARAMETER['Central_Meridian',27.0],PARAMETER['Scale_Factor',0.9996],PARAMETER['Latitude_Of_Origin',0.0],UNIT['Meter',1.0]] # PROJCS['WGS_1984_UTM_Zone_36S',GEOGCS['GCS_WGS_1984',DATUM['D_WGS_1984',SPHEROID['WGS_1984',6378137.0,298.257223563]],PRIMEM['Greenwich',0.0],UNIT['Degree',0.0174532925199433]],PROJECTION['Transverse_Mercator'],PARAMETER['False_Easting',500000.0],PARAMETER['False_Northing',10000000.0],PARAMETER['Central_Meridian',33.0],PARAMETER['Scale_Factor',0.9996],PARAMETER['Latitude_Of_Origin',0.0],UNIT['Meter',1.0]] NO_PRESERVE_SHAPE # NO_VERTICAL</Process><Process ToolSource="c:\program files\arcgis\pro\Resources\ArcToolbox\toolboxes\Conversion Tools.tbx\ExportFeatures" Date="20240616" Time="080148">ExportFeatures KafueNP_GMAs C:\Users\halin\Documents\LandWaterGIS\FinalProjectElephants\data\spatial_data_Malinowski\Kafue_National_Park.shp # NOT_USE_ALIAS "ID "ID" true true false 10 Long 0 10,First,#,KafueNP_GMAs,ID,-1,-1;NAME "NAME" true true false 25 Text 0 0,First,#,KafueNP_GMAs,NAME,0,25;PROVINCE "PROVINCE" true true false 30 Text 0 0,First,#,KafueNP_GMAs,PROVINCE,0,30;Type "Type" true true false 25 Text 0 0,First,#,KafueNP_GMAs,Type,0,25;Full_Name "Full_Name" true true false 50 Text 0 0,First,#,KafueNP_GMAs,Full_Name,0,50;Number "Number" true true false 15 Text 0 0,First,#,KafueNP_GMAs,Number,0,15;Long_Name "Long_Name" true true false 50 Text 0 0,First,#,KafueNP_GMAs,Long_Name,0,50;Perimet_KM "Perimet_KM" true true false 13 Float 0 0,First,#,KafueNP_GMAs,Perimet_KM,-1,-1;Area_sqKM "Area_sqKM" true true false 13 Float 0 0,First,#,KafueNP_GMAs,Area_sqKM,-1,-1;Hectare "Hectare" true true false 13 Float 0 0,First,#,KafueNP_GMAs,Hectare,-1,-1" #</Process><Process ToolSource="c:\program files\arcgis\pro\Resources\ArcToolbox\toolboxes\Conversion Tools.tbx\ExportFeatures" Date="20241010" Time="182443">ExportFeatures Kafue_National_Park C:\Users\halin\Documents\LandWaterGIS\FinalProjectElephants\data\Kafue_National.shp # NOT_USE_ALIAS "ID "ID" true true false 10 Long 0 10,First,#,Kafue_National_Park,ID,-1,-1;NAME "NAME" true true false 25 Text 0 0,First,#,Kafue_National_Park,NAME,0,25;PROVINCE "PROVINCE" true true false 30 Text 0 0,First,#,Kafue_National_Park,PROVINCE,0,30;Type "Type" true true false 25 Text 0 0,First,#,Kafue_National_Park,Type,0,25;Full_Name "Full_Name" true true false 50 Text 0 0,First,#,Kafue_National_Park,Full_Name,0,50;Number "Number" true true false 15 Text 0 0,First,#,Kafue_National_Park,Number,0,15;Long_Name "Long_Name" true true false 50 Text 0 0,First,#,Kafue_National_Park,Long_Name,0,50;Perimet_KM "Perimet_KM" true true false 13 Float 0 0,First,#,Kafue_National_Park,Perimet_KM,-1,-1;Area_sqKM "Area_sqKM" true true false 13 Float 0 0,First,#,Kafue_National_Park,Area_sqKM,-1,-1;Hectare "Hectare" true true false 13 Float 0 0,First,#,Kafue_National_Park,Hectare,-1,-1" #</Process></lineage></DataProperties><SyncDate>20241010</SyncDate><SyncTime>18244300</SyncTime><ModDate>20241010</ModDate><ModTime>18244300</ModTime></Esri><dataIdInfo><envirDesc Sync="TRUE">Microsoft Windows 10 Version 10.0 (Build 22631) ; Esri ArcGIS 13.1.0.41833</envirDesc><dataLang><languageCode value="eng" Sync="TRUE"></languageCode><countryCode value="USA" Sync="TRUE"></countryCode></dataLang><idCitation><resTitle Sync="TRUE">Kafue_National</resTitle><presForm><PresFormCd value="005" Sync="TRUE"></PresFormCd></presForm></idCitation><spatRpType><SpatRepTypCd value="001" Sync="TRUE"></SpatRepTypCd></spatRpType><dataExt><geoEle><GeoBndBox esriExtentType="search"><exTypeCode Sync="TRUE">1</exTypeCode><westBL Sync="TRUE">22.292393</westBL><eastBL Sync="TRUE">33.708158</eastBL><northBL Sync="TRUE">-8.443465</northBL><southBL Sync="TRUE">-17.970201</southBL></GeoBndBox></geoEle></dataExt></dataIdInfo><mdLang><languageCode value="eng" Sync="TRUE"></languageCode><countryCode value="USA" Sync="TRUE"></countryCode></mdLang><mdChar><CharSetCd value="004" Sync="TRUE"></CharSetCd></mdChar><distInfo><distFormat><formatName Sync="TRUE">Shapefile</formatName></distFormat><distTranOps><transSize Sync="TRUE">0.000</transSize></distTranOps></distInfo><mdHrLv><ScopeCd value="005" Sync="TRUE"></ScopeCd></mdHrLv><mdHrLvName Sync="TRUE">dataset</mdHrLvName><refSysInfo><RefSystem><refSysID><identCode code="32735" Sync="TRUE"></identCode><idCodeSpace Sync="TRUE">EPSG</idCodeSpace><idVersion Sync="TRUE">9.8.8(3.0.1)</idVersion></refSysID></RefSystem></refSysInfo><spatRepInfo><VectSpatRep><geometObjs Name="Kafue_National"><geoObjTyp><GeoObjTypCd value="002" Sync="TRUE"></GeoObjTypCd></geoObjTyp><geoObjCnt Sync="TRUE">0</geoObjCnt></geometObjs><topLvl><TopoLevCd value="001" Sync="TRUE"></TopoLevCd></topLvl></VectSpatRep></spatRepInfo><spdoinfo><ptvctinf><esriterm Name="Kafue_National"><efeatyp Sync="TRUE">Simple</efeatyp><efeageom code="4" Sync="TRUE"></efeageom><esritopo Sync="TRUE">FALSE</esritopo><efeacnt Sync="TRUE">0</efeacnt><spindex Sync="TRUE">FALSE</spindex><linrefer Sync="TRUE">FALSE</linrefer></esriterm></ptvctinf></spdoinfo><eainfo><detailed Name="Kafue_National"><enttyp><enttypl Sync="TRUE">Kafue_National</enttypl><enttypt Sync="TRUE">Feature Class</enttypt><enttypc Sync="TRUE">0</enttypc></enttyp><attr><attrlabl Sync="TRUE">FID</attrlabl><attalias Sync="TRUE">FID</attalias><attrtype Sync="TRUE">OID</attrtype><attwidth Sync="TRUE">4</attwidth><atprecis Sync="TRUE">0</atprecis><attscale Sync="TRUE">0</attscale><attrdef Sync="TRUE">Internal feature number.</attrdef><attrdefs Sync="TRUE">Esri</attrdefs><attrdomv><udom Sync="TRUE">Sequential unique whole numbers that are automatically generated.</udom></attrdomv></attr><attr><attrlabl Sync="TRUE">Shape</attrlabl><attalias Sync="TRUE">Shape</attalias><attrtype Sync="TRUE">Geometry</attrtype><attwidth Sync="TRUE">0</attwidth><atprecis Sync="TRUE">0</atprecis><attscale Sync="TRUE">0</attscale><attrdef Sync="TRUE">Feature geometry.</attrdef><attrdefs Sync="TRUE">Esri</attrdefs><attrdomv><udom Sync="TRUE">Coordinates defining the features.</udom></attrdomv></attr><attr><attrlabl Sync="TRUE">ID</attrlabl><attalias Sync="TRUE">ID</attalias><attrtype Sync="TRUE">Integer</attrtype><attwidth Sync="TRUE">10</attwidth><atprecis Sync="TRUE">10</atprecis><attscale Sync="TRUE">0</attscale></attr><attr><attrlabl Sync="TRUE">NAME</attrlabl><attalias Sync="TRUE">NAME</attalias><attrtype Sync="TRUE">String</attrtype><attwidth Sync="TRUE">25</attwidth><atprecis Sync="TRUE">0</atprecis><attscale Sync="TRUE">0</attscale></attr><attr><attrlabl Sync="TRUE">PROVINCE</attrlabl><attalias Sync="TRUE">PROVINCE</attalias><attrtype Sync="TRUE">String</attrtype><attwidth Sync="TRUE">30</attwidth><atprecis Sync="TRUE">0</atprecis><attscale Sync="TRUE">0</attscale></attr><attr><attrlabl Sync="TRUE">Type</attrlabl><attalias Sync="TRUE">Type</attalias><attrtype Sync="TRUE">String</attrtype><attwidth Sync="TRUE">25</attwidth><atprecis Sync="TRUE">0</atprecis><attscale Sync="TRUE">0</attscale></attr><attr><attrlabl Sync="TRUE">Full_Name</attrlabl><attalias Sync="TRUE">Full_Name</attalias><attrtype Sync="TRUE">String</attrtype><attwidth Sync="TRUE">50</attwidth><atprecis Sync="TRUE">0</atprecis><attscale Sync="TRUE">0</attscale></attr><attr><attrlabl Sync="TRUE">NUMBER</attrlabl><attalias Sync="TRUE">Number</attalias><attrtype Sync="TRUE">String</attrtype><attwidth Sync="TRUE">15</attwidth><atprecis Sync="TRUE">0</atprecis><attscale Sync="TRUE">0</attscale></attr><attr><attrlabl Sync="TRUE">Long_Name</attrlabl><attalias Sync="TRUE">Long_Name</attalias><attrtype Sync="TRUE">String</attrtype><attwidth Sync="TRUE">50</attwidth><atprecis Sync="TRUE">0</atprecis><attscale Sync="TRUE">0</attscale></attr><attr><attrlabl Sync="TRUE">Perimet_KM</attrlabl><attalias Sync="TRUE">Perimet_KM</attalias><attrtype Sync="TRUE">Single</attrtype><attwidth Sync="TRUE">13</attwidth><atprecis Sync="TRUE">0</atprecis><attscale Sync="TRUE">0</attscale></attr><attr><attrlabl Sync="TRUE">Area_sqKM</attrlabl><attalias Sync="TRUE">Area_sqKM</attalias><attrtype Sync="TRUE">Single</attrtype><attwidth Sync="TRUE">13</attwidth><atprecis Sync="TRUE">0</atprecis><attscale Sync="TRUE">0</attscale></attr><attr><attrlabl Sync="TRUE">Hectare</attrlabl><attalias Sync="TRUE">Hectare</attalias><attrtype Sync="TRUE">Single</attrtype><attwidth Sync="TRUE">13</attwidth><atprecis Sync="TRUE">0</atprecis><attscale Sync="TRUE">0</attscale></attr></detailed></eainfo><mdDateSt Sync="TRUE">20241010</mdDateSt></metadata>
